wall_time,cur_time,cur_loop_dt,cur_ctrl_freq,loop_count,fc_time_boot_ms,hb_age_s,sent_mode,echoed_mode,armed,drone_px_ref,drone_py_ref,drone_pz_ref,drone_vx_ref,drone_vy_ref,drone_vz_ref,payload_px_ref,payload_py_ref,payload_pz_ref,payload_vx_ref,payload_vy_ref,payload_vz_ref,payload_alpha_x,payload_alpha_y,payload_alphadot_x,payload_alphadot_y,ux,uy,uz,yaw_ref,yaw_rate_ref,drone_px_meas,drone_py_meas,drone_pz_meas,drone_vx_meas,drone_vy_meas,drone_vz_meas,drone_ax_meas,drone_ay_meas,drone_az_meas,drone_roll,drone_pitch,drone_yaw,drone_yaw_rate,sent_setpoint_bitmask,echoed_setpoint_bitmask,setpoint_bitmask_callback_dt,batt_voltage,batt_current,batt_rem_percent,GPS_fix_type,sat_count,HDOP,ekf_flags,ekf_pos_horiz_var,ekf_pos_vert_var,ekf_vel_var,ch1,ch2,ch3,ch4,ch5,ch6,ch7,ch8
1783460355.6450,0.0000,nan,nan,1,1520001,nan,AUTOTUNE,?,0,9.5367431640625e-07,0.0,10.0,0.5,0.0,0.0,nan,nan,nan,nan,nan,nan,nan,nan,nan,nan,4.281525550876522,4.951658417289346,9.714014063110083,0,0,-3.397827386856079,-4.989656925201416,0.2941640615463257,-0.010202822275459766,0.021938448771834373,-0.004721642471849918,nan,nan,nan,-0.029245605692267418,-0.0017896778881549835,-3.138213634490967,-0.0018100925954058766,3135,,nan,24.509,4.57,96,4,24,0.72,895,0.014278566464781761,0.0032859451603144407,0.007761873304843903,1500,1500,1504,1498,1897,1102,1897,1102
1783460355.6653,0.0201,0.02026,49.36,2,1520016,nan,AUTOTUNE,?,0,0.010071396827697754,0.0,10.0,0.5,0.0,0.0,nan,nan,nan,nan,nan,nan,nan,nan,nan,nan,4.291673968694997,4.950690544003956,9.713591202384917,0,0,-3.397949457168579,-4.988946437835693,0.2940841317176819,-0.010177363641560078,0.02208705060184002,-0.004431356210261583,nan,nan,nan,-0.02924511954188347,-0.0017848722636699677,-3.1381986141204834,-0.0002688913664314896,3135,,nan,24.509,4.57,96,4,24,0.72,895,0.014278566464781761,0.0032859451603144407,0.007761873304843903,1500,1500,1504,1498,1897,1102,1897,1102
1783460355.6853,0.0402,0.02003,49.94,3,1520036,nan,AUTOTUNE,?,0,0.020084738731384277,0.0,10.0,0.5,0.0,0.0,nan,nan,nan,nan,nan,nan,nan,nan,nan,nan,4.2992937599306575,4.946695751149187,9.71315218185245,0,0,-3.3981192111968994,-4.988134384155273,0.2939857244491577,-0.00869743898510933,0.023924605920910835,-0.004121072124689817,nan,nan,nan,-0.02923157624900341,-0.00181473046541214,-3.1381750106811523,0.0009009771747514606,3135,,nan,24.509,4.57,96,4,24,0.72,895,0.014278566464781761,0.0032859451603144407,0.007761873304843903,1500,1500,1504,1498,1897,1102,1897,1102
1783460355.7055,0.0601,0.02014,49.66,4,1520056,nan,AUTOTUNE,?,0,0.030071020126342773,0.0,10.0,0.5,0.0,0.0,nan,nan,nan,nan,nan,nan,nan,nan,nan,nan,4.310540090260764,4.945638786174226,9.713906736431232,0,0,-3.3982622623443604,-4.986998558044434,0.29381483793258667,-0.00934233795851469,0.023879075422883034,-0.004458053037524223,nan,nan,nan,-0.02922957018017769,-0.001819860190153122,-3.138132333755493,0.0019435457652434707,3135,,nan,24.509,4.57,96,4,24,0.72,895,0.014278566464781761,0.0032859451603144407,0.007761873304843903,1500,1500,1504,1498,1897,1102,1897,1102
1783460355.7260,0.0803,0.02052,48.73,5,1520076,nan,AUTOTUNE,?,0,0.04016852378845215,0.0,10.0,0.5,0.0,0.0,nan,nan,nan,nan,nan,nan,nan,nan,nan,nan,4.322590191387084,4.941325074414637,9.712027992364577,0,0,-3.3988678455352783,-4.985065937042236,0.2941022515296936,-0.010120037011802197,0.025253798812627792,-0.0035392979625612497,nan,nan,nan,-0.029254361987113953,-0.0017806440591812134,-3.1381306648254395,-9.158675675280392e-05,3135,,nan,24.509,4.57,96,4,24,0.72,895,0.014278566464781761,0.0032859451603144407,0.007761873304843903,1500,1500,1504,1498,1897,1102,1897,1102
1783460355.7463,0.1004,0.02032,49.22,6,1520096,nan,AUTOTUNE,?,0,0.050197482109069824,0.0,10.0,0.5,0.0,0.0,nan,nan,nan,nan,nan,nan,nan,nan,nan,nan,4.330317577378349,4.938645041378942,9.71322956011443,0,0,-3.39924955368042,-4.983890056610107,0.294202983379364,-0.008570844307541847,0.02612222172319889,-0.004291180986911058,nan,nan,nan,-0.029244231060147285,-0.0017721951007843018,-3.138186454772949,-0.0017794679151847959,3135,,nan,24.509,4.57,96,4,24,0.72,895,0.014278566464781761,0.0032859451603144407,0.007761873304843903,1500,1500,1504,1498,1897,1102,1897,1102
1783460355.7659,0.1204,0.01962,50.96,7,1520116,nan,AUTOTUNE,?,0,0.060175418853759766,0.0,10.0,0.5,0.0,0.0,nan,nan,nan,nan,nan,nan,nan,nan,nan,nan,4.3434390461170045,4.937038831897524,9.710924495177359,0,0,-3.3998043537139893,-4.982115268707275,0.2944720387458801,-0.01006544940173626,0.026024892926216125,-0.0031156903132796288,nan,nan,nan,-0.029196159914135933,-0.001742575317621231,-3.1381888389587402,-0.0018527948996052146,3135,,nan,24.509,4.57,96,4,24,0.72,895,0.014278566464781761,0.0032859451603144407,0.007761873304843903,1500,1500,1504,1498,1897,1102,1897,1102
1783460355.7861,0.1404,0.02012,49.69,8,1520136,nan,AUTOTUNE,?,0,0.07020366191864014,0.0,10.0,0.5,0.0,0.0,nan,nan,nan,nan,nan,nan,nan,nan,nan,nan,4.3552143548957485,4.934994362686241,9.711947168101538,0,0,-3.400167465209961,-4.980994701385498,0.2945653796195984,-0.01086447574198246,0.02655830793082714,-0.0037600211799144745,nan,nan,nan,-0.02927338518202305,-0.0017493478953838348,-3.138221263885498,0.0001530264999018982,3135,,nan,24.509,4.57,96,4,24,0.72,895,0.014278566464781761,0.0032859451603144407,0.007761873304843903,1500,1500,1504,1498,1897,1102,1897,1102
1783460355.8063,0.1605,0.02020,49.51,9,1520156,nan,AUTOTUNE,?,0,0.08023786544799805,0.0,10.0,0.5,0.0,0.0,nan,nan,nan,nan,nan,nan,nan,nan,nan,nan,4.360692120698349,4.933184159723858,9.711245059130846,0,0,-3.4006738662719727,-4.979350566864014,0.2946861982345581,-0.007941444404423237,0.026654187589883804,-0.003424413036555052,nan,nan,nan,-0.02921576052904129,-0.0017320532351732254,-3.1381430625915527,0.0021074877586215734,3135,,nan,24.509,4.57,96,4,24,0.72,895,0.014278566464781761,0.0032859451603144407,0.007761873304843903,1500,1500,1504,1498,1897,1102,1897,1102
1783460355.8258,0.1803,0.01952,51.24,10,1520176,nan,AUTOTUNE,?,0,0.09016525745391846,0.0,10.0,0.5,0.0,0.0,nan,nan,nan,nan,nan,nan,nan,nan,nan,nan,4.379563601021401,4.930111682776242,9.710114246562249,0,0,-3.401148557662964,-4.977797031402588,0.29480475187301636,-0.012831252999603748,0.027531148865818977,-0.0028399850707501173,nan,nan,nan,-0.029198862612247467,-0.0017417091876268387,-3.138155221939087,5.907048034714535e-05,3135,,nan,24.509,4.57,96,4,24,0.72,895,0.014278566464781761,0.0032859451603144407,0.007761873304843903,1500,1500,1504,1498,1897,1102,1897,1102
1783460355.8463,0.2004,0.02056,48.65,11,1520196,nan,AUTOTUNE,?,0,0.10019063949584961,0.0,10.0,0.5,0.0,0.0,nan,nan,nan,nan,nan,nan,nan,nan,nan,nan,4.382953242774519,4.928855611765018,9.712000078334173,0,0,-3.4014673233032227,-4.976770401000977,0.29483211040496826,-0.00881606712937355,0.027663616463541985,-0.003944566007703543,nan,nan,nan,-0.029250724241137505,-0.0016894247382879257,-3.138218879699707,-0.002373289316892624,3135,,nan,24.509,4.57,96,4,24,0.72,895,0.015233066864311695,0.0036257475148886442,0.015536898747086525,1500,1500,1504,1498,1897,1102,1897,1102
1783460355.8661,0.2205,0.01974,50.65,12,1520216,nan,AUTOTUNE,?,0,0.1102379560470581,0.0,10.0,0.5,0.0,0.0,nan,nan,nan,nan,nan,nan,nan,nan,nan,nan,4.3931248903435645,4.925458883168786,9.709725077990885,0,0,-3.4019134044647217,-4.975310325622559,0.29495155811309814,-0.008630304597318172,0.028781743720173836,-0.002700057113543153,nan,nan,nan,-0.029152149334549904,-0.001677144318819046,-3.1382017135620117,-0.0011755101149901748,3135,,nan,24.509,4.57,96,4,24,0.72,895,0.015233066864311695,0.0036257475148886442,0.015536898747086525,1500,1500,1504,1498,1897,1102,1897,1102
1783460355.8864,0.2405,0.02031,49.24,13,1520236,nan,AUTOTUNE,?,0,0.12023746967315674,0.0,10.0,0.5,0.0,0.0,nan,nan,nan,nan,nan,nan,nan,nan,nan,nan,4.408362284083154,4.9245871492950215,9.710143341068882,0,0,-3.4022157192230225,-4.9743194580078125,0.29498106241226196,-0.011479854583740234,0.028712961822748184,-0.0029585757292807102,nan,nan,nan,-0.02925349399447441,-0.001664772629737854,-3.1382176876068115,0.0015350381145253778,3135,,nan,24.509,4.57,96,4,24,0.72,895,0.015233066864311695,0.0036257475148886442,0.015536898747086525,1500,1500,1504,1498,1897,1102,1897,1102
1783460355.9063,0.2604,0.01990,50.24,14,1520256,nan,AUTOTUNE,?,0,0.13021421432495117,0.0,10.0,0.5,0.0,0.0,nan,nan,nan,nan,nan,nan,nan,nan,nan,nan,4.4106123112051,4.922257708775563,9.710112382115177,0,0,-3.402618885040283,-4.972959518432617,0.2952572703361511,-0.0067860642448067665,0.02927270345389843,-0.003100170288234949,nan,nan,nan,-0.029211323708295822,-0.0016701295971870422,-3.1381237506866455,0.0030946850311011076,3135,,nan,24.509,4.57,96,4,24,0.72,895,0.015233066864311695,0.0036257475148886442,0.015536898747086525,1500,1500,1504,1498,1897,1102,1897,1102
1783460355.9264,0.2804,0.02008,49.81,15,1520276,nan,AUTOTUNE,?,0,0.14018476009368896,0.0,10.0,0.5,0.0,0.0,nan,nan,nan,nan,nan,nan,nan,nan,nan,nan,4.426678098905238,4.920379890621268,9.709663679902748,0,0,-3.4029979705810547,-4.9716644287109375,0.2955183982849121,-0.010086288675665855,0.029609141871333122,-0.002991874236613512,nan,nan,nan,-0.029197338968515396,-0.0016418807208538055,-3.138134717941284,-0.0002410563174635172,3135,,nan,24.509,4.57,96,4,24,0.72,895,0.015233066864311695,0.0036257475148886442,0.015536898747086525,1500,1500,1504,1498,1897,1102,1897,1102
1783460355.9462,0.3004,0.01986,50.36,16,1520296,nan,AUTOTUNE,?,0,0.15020132064819336,0.0,10.0,0.5,0.0,0.0,nan,nan,nan,nan,nan,nan,nan,nan,nan,nan,4.435472855096335,4.917766516465426,9.708832632552323,0,0,-3.403507947921753,-4.970647811889648,0.295538067817688,-0.009086444042623043,0.030531030148267746,-0.0025234250351786613,nan,nan,nan,-0.029229259118437767,-0.0016667656600475311,-3.138200521469116,-0.0018052788218483329,3135,,nan,24.509,4.57,96,4,24,0.72,895,0.015233066864311695,0.0036257475148886442,0.015536898747086525,1500,1500,1504,1498,1897,1102,1897,1102
1783460355.9659,0.3204,0.01968,50.83,17,1520316,nan,AUTOTUNE,?,0,0.16019558906555176,0.0,10.0,0.5,0.0,0.0,nan,nan,nan,nan,nan,nan,nan,nan,nan,nan,4.445521292405916,4.9178580556002505,9.708912479447621,0,0,-3.4043161869049072,-4.969249248504639,0.2956313490867615,-0.00865108147263527,0.02967071905732155,-0.0026233806274831295,nan,nan,nan,-0.029199963435530663,-0.0016322508454322815,-3.138192653656006,-0.001788073219358921,3135,,nan,24.509,4.57,96,4,24,0.72,895,0.015233066864311695,0.0036257475148886442,0.015536898747086525,1500,1500,1504,1498,1897,1102,1897,1102
1783460355.9859,0.3404,0.01996,50.09,18,1520336,nan,AUTOTUNE,?,0,0.17019832134246826,0.0,10.0,0.5,0.0,0.0,nan,nan,nan,nan,nan,nan,nan,nan,nan,nan,4.457750786193149,4.914661397230184,9.709499498398689,0,0,-3.4048049449920654,-4.968269348144531,0.29565274715423584,-0.009654518216848373,0.03095056489109993,-0.0029746503569185734,nan,nan,nan,-0.029148966073989868,-0.0016307253390550613,-3.13818097114563,0.0008134306990541518,3135,,nan,24.509,4.57,96,4,24,0.72,895,0.015233066864311695,0.0036257475148886442,0.015536898747086525,1500,1500,1504,1498,1897,1102,1897,1102
1783460356.0057,0.3603,0.01989,50.27,19,1520356,nan,AUTOTUNE,?,0,0.18016159534454346,0.0,10.0,0.5,0.0,0.0,nan,nan,nan,nan,nan,nan,nan,nan,nan,nan,4.47074313301278,4.9145475720406075,9.708567423594301,0,0,-3.4055426120758057,-4.966969966888428,0.29568779468536377,-0.01097746193408966,0.030266083776950836,-0.0024567514192312956,nan,nan,nan,-0.02922034077346325,-0.0016342904418706894,-3.1381330490112305,0.00298033538274467,3135,,nan,24.509,4.57,96,4,24,0.72,895,0.015233066864311695,0.0036257475148886442,0.015536898747086525,1500,1500,1504,1498,1897,1102,1897,1102
1783460356.0259,0.3804,0.02017,49.58,20,1520376,nan,AUTOTUNE,?,0,0.19019901752471924,0.0,10.0,0.5,0.0,0.0,nan,nan,nan,nan,nan,nan,nan,nan,nan,nan,4.476701385637153,4.911457896650094,9.708438527416444,0,0,-3.4062395095825195,-4.965738296508789,0.29572778940200806,-0.008219998329877853,0.031338803470134735,-0.0024054241366684437,nan,nan,nan,-0.029156234115362167,-0.0016459114849567413,-3.138087272644043,0.0011140347924083471,3135,,nan,24.509,4.57,96,4,24,0.72,895,0.015233066864311695,0.0036257475148886442,0.015536898747086525,1500,1500,1504,1498,1897,1102,1897,1102
1783460356.0463,0.4004,0.02038,49.08,21,1520396,nan,AUTOTUNE,?,0,0.20021867752075195,0.0,10.0,0.5,0.0,0.0,nan,nan,nan,nan,nan,nan,nan,nan,nan,nan,4.491630885627642,4.910335934141566,9.709461796184208,0,0,-3.4066684246063232,-4.96483039855957,0.29572421312332153,-0.010807061567902565,0.03146239370107651,-0.00299414386972785,nan,nan,nan,-0.029184767976403236,-0.0016246382147073746,-3.138150453567505,-0.0018780747195705771,3135,,nan,24.509,4.57,96,4,24,0.72,895,0.014933713711798191,0.0015445611206814647,0.00823911838233471,1500,1500,1504,1498,1897,1102,1897,1102
1783460356.0659,0.4204,0.01959,51.05,22,1520416,nan,AUTOTUNE,?,0,0.210210919380188,0.0,10.0,0.5,0.0,0.0,nan,nan,nan,nan,nan,nan,nan,nan,nan,nan,4.499740957484595,4.908217787113154,9.707681582003891,0,0,-3.407313346862793,-4.963662624359131,0.2957683801651001,-0.00934804417192936,0.03201109170913696,-0.0019918365869671106,nan,nan,nan,-0.029164787381887436,-0.0016217827796936035,-3.1381704807281494,-0.0021079792641103268,3135,,nan,24.509,4.57,96,4,24,0.72,895,0.014933713711798191,0.0015445611206814647,0.00823911838233471,1500,1500,1504,1498,1897,1102,1897,1102
1783460356.0858,0.4403,0.01987,50.32,23,1520436,nan,AUTOTUNE,?,0,0.22015225887298584,0.0,10.0,0.5,0.0,0.0,nan,nan,nan,nan,nan,nan,nan,nan,nan,nan,4.512472167840304,4.907527059512607,9.708238132945471,0,0,-3.407721996307373,-4.962777137756348,0.2957661747932434,-0.010722842998802662,0.03189864754676819,-0.0023118881508708,nan,nan,nan,-0.02918313443660736,-0.0016136914491653442,-3.1381959915161133,-0.0014997158432379365,3135,,nan,24.509,4.57,96,4,24,0.72,895,0.014933713711798191,0.0015445611206814647,0.00823911838233471,1500,1500,1504,1498,1897,1102,1897,1102
1783460356.1060,0.4605,0.02028,49.31,24,1520456,nan,AUTOTUNE,?,0,0.23022854328155518,0.0,10.0,0.5,0.0,0.0,nan,nan,nan,nan,nan,nan,nan,nan,nan,nan,4.52025506172262,4.905372711640874,9.709007069873477,0,0,-3.4083187580108643,-4.961693286895752,0.2957124710083008,-0.00905421283096075,0.03251669928431511,-0.0027248281985521317,nan,nan,nan,-0.029146717861294746,-0.001608438789844513,-3.138176679611206,0.00132434768602252,3135,,nan,24.509,4.57,96,4,24,0.72,895,0.014933713711798191,0.0015445611206814647,0.00823911838233471,1500,1500,1504,1498,1897,1102,1897,1102
1783460356.1260,0.4804,0.01994,50.15,25,1520476,nan,AUTOTUNE,?,0,0.24020874500274658,0.0,10.0,0.5,0.0,0.0,nan,nan,nan,nan,nan,nan,nan,nan,nan,nan,4.534736207888956,4.905177788603006,9.707818744082743,0,0,-3.408886671066284,-4.960651874542236,0.29566556215286255,-0.011324949562549591,0.03202797845005989,-0.002011665143072605,nan,nan,nan,-0.029143428429961205,-0.0016054436564445496,-3.138118028640747,0.0015823451103642583,3135,,nan,24.509,4.57,96,4,24,0.72,895,0.014933713711798191,0.0015445611206814647,0.00823911838233471,1500,1500,1504,1498,1897,1102,1897,1102
1783460356.1475,0.5004,0.02153,46.44,26,1520501,nan,AUTOTUNE,?,0,0.25018584728240967,0.0,10.0,0.5,0.0,0.0,nan,nan,nan,nan,nan,nan,nan,nan,nan,nan,4.543324579812496,4.903903565397617,9.707611566707765,0,0,-3.4097940921783447,-4.959482192993164,0.2960743308067322,-0.009999265894293785,0.03208833560347557,-0.0021280539222061634,nan,nan,nan,-0.029135344550013542,-0.0016265325248241425,-3.138143301010132,-0.0004896940663456917,3135,,nan,24.507,4.53,96,4,24,0.72,895,0.014933713711798191,0.0015445611206814647,0.00823911838233471,1500,1500,1504,1498,1897,1102,1897,1102
1783460356.1658,0.5204,0.01833,54.54,27,1520516,nan,AUTOTUNE,?,0,0.2602149248123169,0.0,10.0,0.5,0.0,0.0,nan,nan,nan,nan,nan,nan,nan,nan,nan,nan,4.554429946678242,4.903362412857593,9.7074376486178,0,0,-3.410252332687378,-4.958845138549805,0.29626643657684326,-0.010356096550822258,0.03203296661376953,-0.002138554584234953,nan,nan,nan,-0.02912828139960766,-0.0016051959246397018,-3.1381778717041016,-0.0022484115324914455,3135,,nan,24.507,4.53,96,4,24,0.72,895,0.014933713711798191,0.0015445611206814647,0.00823911838233471,1500,1500,1504,1498,1897,1102,1897,1102
1783460356.1864,0.5405,0.02052,48.74,28,1520536,nan,AUTOTUNE,?,0,0.27023911476135254,0.0,10.0,0.5,0.0,0.0,nan,nan,nan,nan,nan,nan,nan,nan,nan,nan,4.56639288878106,4.900639656894252,9.705687222777152,0,0,-3.410764217376709,-4.958038330078125,0.2964476943016052,-0.011179898865520954,0.03313913941383362,-0.0012325949501246214,nan,nan,nan,-0.029078755527734756,-0.0015929639339447021,-3.1382055282592773,-0.0017238544533029199,3135,,nan,24.507,4.53,96,4,24,0.72,895,0.014933713711798191,0.0015445611206814647,0.00823911838233471,1500,1500,1504,1498,1897,1102,1897,1102
1783460356.2057,0.5603,0.01937,51.63,29,1520556,nan,AUTOTUNE,?,0,0.28016042709350586,0.0,10.0,0.5,0.0,0.0,nan,nan,nan,nan,nan,nan,nan,nan,nan,nan,4.579586681079532,4.900156775289728,9.705480146988702,0,0,-3.411531686782837,-4.957118034362793,0.2969670295715332,-0.012626167386770248,0.03288659825921059,-0.0014128780458122492,nan,nan,nan,-0.02914835698902607,-0.0016177333891391754,-3.1382226943969727,0.0006263838731683791,3135,,nan,24.507,4.53,96,4,24,0.72,895,0.014933713711798191,0.0015445611206814647,0.00823911838233471,1500,1500,1504,1498,1897,1102,1897,1102
1783460356.2260,0.5804,0.02028,49.31,30,1520576,nan,AUTOTUNE,?,0,0.2902028560638428,0.0,10.0,0.5,0.0,0.0,nan,nan,nan,nan,nan,nan,nan,nan,nan,nan,4.583862809652678,4.899589087875236,9.704821262217939,0,0,-3.4122560024261475,-4.956247329711914,0.2974531650543213,-0.008878808468580246,0.03271165117621422,-0.0013131411978974938,nan,nan,nan,-0.02906865067780018,-0.0016375649720430374,-3.138123035430908,0.002680209232494235,3135,,nan,24.507,4.53,96,4,24,0.72,895,0.014933713711798191,0.0015445611206814647,0.00823911838233471,1500,1500,1504,1498,1897,1102,1897,1102
1783460356.2462,0.6004,0.02017,49.57,31,1520596,nan,AUTOTUNE,?,0,0.30018913745880127,0.0,10.0,0.5,0.0,0.0,nan,nan,nan,nan,nan,nan,nan,nan,nan,nan,4.601719197860003,4.898471120534341,9.704608755370954,0,0,-3.412712812423706,-4.9554972648620605,0.29767245054244995,-0.01315887738019228,0.03292405977845192,-0.0013170548481866717,nan,nan,nan,-0.02908763289451599,-0.0016232505440711975,-3.1381478309631348,0.00025329989148303866,3135,,nan,24.507,4.53,96,4,24,0.72,895,0.012920987792313099,0.00395519845187664,0.015417410060763359,1500,1500,1504,1498,1897,1102,1897,1102
1783460356.2658,0.6203,0.01963,50.94,32,1520616,nan,AUTOTUNE,?,0,0.31016242504119873,0.0,10.0,0.5,0.0,0.0,nan,nan,nan,nan,nan,nan,nan,nan,nan,nan,4.607965972304911,4.895886315750545,9.703476745054717,0,0,-3.4133777618408203,-4.954662322998047,0.2981126308441162,-0.010623465292155743,0.0339343436062336,-0.0009176266030408442,nan,nan,nan,-0.029122143983840942,-0.001651892438530922,-3.1381824016571045,-0.001074588275514543,3135,,nan,24.507,4.53,96,4,24,0.72,895,0.012920987792313099,0.00395519845187664,0.015417410060763359,1500,1500,1504,1498,1897,1102,1897,1102
1783460356.2860,0.6403,0.02015,49.63,33,1520636,nan,AUTOTUNE,?,0,0.32017219066619873,0.0,10.0,0.5,0.0,0.0,nan,nan,nan,nan,nan,nan,nan,nan,nan,nan,4.618129840177074,4.897692722288133,9.70355091452761,0,0,-3.4138143062591553,-4.953920841217041,0.2983115315437317,-0.010460397228598595,0.03246331959962845,-0.0010752837406471372,nan,nan,nan,-0.029063547030091286,-0.0016297772526741028,-3.138162851333618,-0.0015901228180155158,3135,,nan,24.507,4.53,96,4,24,0.72,895,0.012920987792313099,0.00395519845187664,0.015417410060763359,1500,1500,1504,1498,1897,1102,1897,1102
1783460356.3063,0.6605,0.02030,49.26,34,1520656,nan,AUTOTUNE,?,0,0.3302391767501831,0.0,10.0,0.5,0.0,0.0,nan,nan,nan,nan,nan,nan,nan,nan,nan,nan,4.631966738473258,4.894561163723184,9.702962916906383,0,0,-3.4144318103790283,-4.953141689300537,0.29857081174850464,-0.012280440889298916,0.033821482211351395,-0.0008854986517690122,nan,nan,nan,-0.02906622178852558,-0.0016376525163650513,-3.1382033824920654,-0.0005376343033276498,3135,,nan,24.507,4.53,96,4,24,0.72,895,0.012920987792313099,0.00395519845187664,0.015417410060763359,1500,1500,1504,1498,1897,1102,1897,1102
1783460356.3261,0.6804,0.01979,50.53,35,1520676,nan,AUTOTUNE,?,0,0.3401927947998047,0.0,10.0,0.5,0.0,0.0,nan,nan,nan,nan,nan,nan,nan,nan,nan,nan,4.642729541462662,4.896192278663833,9.701086984074665,0,0,-3.4151289463043213,-4.952447891235352,0.29936909675598145,-0.012345132417976856,0.032479193061590195,-0.0002633183903526515,nan,nan,nan,-0.029116762802004814,-0.0016528069972991943,-3.1381704807281494,0.001630686572752893,3135,,nan,24.507,4.53,96,4,24,0.72,895,0.012920987792313099,0.00395519845187664,0.015417410060763359,1500,1500,1504,1498,1897,1102,1897,1102
1783460356.3459,0.7004,0.01988,50.30,36,1520696,nan,AUTOTUNE,?,0,0.35022008419036865,0.0,10.0,0.5,0.0,0.0,nan,nan,nan,nan,nan,nan,nan,nan,nan,nan,4.64958004584555,4.8945327760381465,9.700981327708138,0,0,-3.4155771732330322,-4.951793193817139,0.2997449040412903,-0.010252230800688267,0.033059317618608475,-0.00041929009603336453,nan,nan,nan,-0.029064973816275597,-0.001674700528383255,-3.1381263732910156,0.0013399160234257579,3135,,nan,24.507,4.53,96,4,24,0.72,895,0.012920987792313099,0.00395519845187664,0.015417410060763359,1500,1500,1504,1498,1897,1102,1897,1102
1783460356.3658,0.7204,0.01988,50.30,37,1520716,nan,AUTOTUNE,?,0,0.3602120876312256,0.0,10.0,0.5,0.0,0.0,nan,nan,nan,nan,nan,nan,nan,nan,nan,nan,4.665041456648328,4.8952357013194865,9.700303799587669,0,0,-3.4162166118621826,-4.95114278793335,0.3004711866378784,-0.01304081454873085,0.032277971506118774,-0.0004474385059438646,nan,nan,nan,-0.029093507677316666,-0.0016733631491661072,-3.1381776332855225,-0.001167439972050488,3135,,nan,24.507,4.53,96,4,24,0.72,895,0.012920987792313099,0.00395519845187664,0.015417410060763359,1500,1500,1504,1498,1897,1102,1897,1102
1783460356.3862,0.7405,0.02035,49.14,38,1520736,nan,AUTOTUNE,?,0,0.37023746967315674,0.0,10.0,0.5,0.0,0.0,nan,nan,nan,nan,nan,nan,nan,nan,nan,nan,4.672046716479203,4.893128449345974,9.69794853470504,0,0,-3.4166369438171387,-4.950506210327148,0.30081993341445923,-0.011054467409849167,0.0331270657479763,0.0007110252627171576,nan,nan,nan,-0.029103171080350876,-0.0016891509294509888,-3.1381847858428955,-0.0013128024293109775,3135,,nan,24.507,4.53,96,4,24,0.72,895,0.012920987792313099,0.00395519845187664,0.015417410060763359,1500,1500,1504,1498,1897,1102,1897,1102
1783460356.4057,0.7603,0.01958,51.06,39,1520756,nan,AUTOTUNE,?,0,0.38016390800476074,0.0,10.0,0.5,0.0,0.0,nan,nan,nan,nan,nan,nan,nan,nan,nan,nan,4.683779376986123,4.8942135669842655,9.698651957080937,0,0,-3.4172253608703613,-4.949891090393066,0.3013152480125427,-0.011757567524909973,0.032145433127880096,1.893414810183458e-05,nan,nan,nan,-0.02909938246011734,-0.0016877539455890656,-3.1382040977478027,-0.0010971714509651065,3135,,nan,24.507,4.53,96,4,24,0.72,895,0.012920987792313099,0.00395519845187664,0.015417410060763359,1500,1500,1504,1498,1897,1102,1897,1102
1783460356.4259,0.7804,0.02011,49.73,40,1520776,nan,AUTOTUNE,?,0,0.3901865482330322,0.0,10.0,0.5,0.0,0.0,nan,nan,nan,nan,nan,nan,nan,nan,nan,nan,4.692929184828203,4.89287612474515,9.69761438659391,0,0,-3.4177780151367188,-4.94931173324585,0.30178678035736084,-0.010934562422335148,0.03258311375975609,0.0003457364218775183,nan,nan,nan,-0.02910456620156765,-0.0016894415020942688,-3.1382131576538086,0.0002829387376550585,3135,,nan,24.507,4.53,96,4,24,0.72,895,0.012920987792313099,0.00395519845187664,0.015417410060763359,1500,1500,1504,1498,1897,1102,1897,1102
1783460356.4464,0.8004,0.02051,48.76,41,1520796,nan,AUTOTUNE,?,0,0.40020012855529785,0.0,10.0,0.5,0.0,0.0,nan,nan,nan,nan,nan,nan,nan,nan,nan,nan,4.70584052585858,4.893297164804872,9.696176543327402,0,0,-3.4181618690490723,-4.948699474334717,0.3020198941230774,-0.012385967187583447,0.0319865383207798,0.0010412873234599829,nan,nan,nan,-0.029104219749569893,-0.001691926270723343,-3.1381678581237793,0.0012565947836264968,3135,,nan,24.507,4.53,96,4,24,0.72,895,0.014280669391155243,0.0046910676173865795,0.02061225287616253,1500,1500,1504,1498,1897,1102,1897,1102
1783460356.4660,0.8203,0.01964,50.91,42,1520816,nan,AUTOTUNE,?,0,0.41016387939453125,0.0,10.0,0.5,0.0,0.0,nan,nan,nan,nan,nan,nan,nan,nan,nan,nan,4.714317093514062,4.891050182131409,9.695987211416728,0,0,-3.4186718463897705,-4.948152542114258,0.3024587631225586,-0.011232906021177769,0.03296806290745735,0.0008972170180641115,nan,nan,nan,-0.02912808209657669,-0.001730130985379219,-3.138188600540161,0.00011255219578742981,3135,,nan,24.507,4.53,96,4,24,0.72,895,0.014280669391155243,0.0046910676173865795,0.02061225287616253,1500,1500,1504,1498,1897,1102,1897,1102
1783460356.4858,0.8403,0.01984,50.40,43,1520836,nan,AUTOTUNE,?,0,0.4201655387878418,0.0,10.0,0.5,0.0,0.0,nan,nan,nan,nan,nan,nan,nan,nan,nan,nan,4.725317363444957,4.893234805671244,9.69582761670311,0,0,-3.419038772583008,-4.94755744934082,0.3026818037033081,-0.011597609147429466,0.031363192945718765,0.00086058652959764,nan,nan,nan,-0.029119929298758507,-0.001710275188088417,-3.138190507888794,-0.0013238207902759314,3135,,nan,24.507,4.53,96,4,24,0.72,895,0.014280669391155243,0.0046910676173865795,0.02061225287616253,1500,1500,1504,1498,1897,1102,1897,1102
1783460356.5061,0.8605,0.02021,49.49,44,1520856,nan,AUTOTUNE,?,0,0.43023645877838135,0.0,10.0,0.5,0.0,0.0,nan,nan,nan,nan,nan,nan,nan,nan,nan,nan,4.737278731898189,4.890600822335282,9.693925841338443,0,0,-3.4195117950439453,-4.947033882141113,0.3031485676765442,-0.012415960431098938,0.032581642270088196,0.0016890907427296042,nan,nan,nan,-0.02911204658448696,-0.0017336644232273102,-3.138237237930298,-0.001930536120198667,3135,,nan,24.507,4.53,96,4,24,0.72,895,0.014280669391155243,0.0046910676173865795,0.02061225287616253,1500,1500,1504,1498,1897,1102,1897,1102
1783460356.5260,0.8804,0.01990,50.24,45,1520876,nan,AUTOTUNE,?,0,0.4401979446411133,0.0,10.0,0.5,0.0,0.0,nan,nan,nan,nan,nan,nan,nan,nan,nan,nan,4.746972857318319,4.891871198400086,9.693664647596014,0,0,-3.4199607372283936,-4.946526527404785,0.30359357595443726,-0.012002402916550636,0.03155526891350746,0.0015829653711989522,nan,nan,nan,-0.029176604002714157,-0.00174693763256073,-3.1382334232330322,0.0008056734222918749,3135,,nan,24.507,4.53,96,4,24,0.72,895,0.014280669391155243,0.0046910676173865795,0.02061225287616253,1500,1500,1504,1498,1897,1102,1897,1102
1783460356.5463,0.9004,0.02035,49.14,46,1520896,nan,AUTOTUNE,?,0,0.45018649101257324,0.0,10.0,0.5,0.0,0.0,nan,nan,nan,nan,nan,nan,nan,nan,nan,nan,4.754313684866335,4.890632702814554,9.692816580622853,0,0,-3.420440912246704,-4.94564962387085,0.3039870858192444,-0.010196512565016747,0.03176403418183327,0.001845404040068388,nan,nan,nan,-0.029100164771080017,-0.001759454607963562,-3.1381590366363525,0.0017432745080441236,3135,,nan,24.507,4.53,96,4,24,0.72,895,0.014280669391155243,0.0046910676173865795,0.02061225287616253,1500,1500,1504,1498,1897,1102,1897,1102
1783460356.5658,0.9204,0.01954,51.19,47,1520916,nan,AUTOTUNE,?,0,0.46017658710479736,0.0,10.0,0.5,0.0,0.0,nan,nan,nan,nan,nan,nan,nan,nan,nan,nan,4.771704904009916,4.88953375218449,9.691211995452436,0,0,-3.421123504638672,-4.944576263427734,0.30470454692840576,-0.01407545804977417,0.03177880868315697,0.0023575853556394577,nan,nan,nan,-0.029138995334506035,-0.0017552487552165985,-3.138185501098633,0.00019006754155270755,3135,,nan,24.507,4.53,96,4,24,0.72,895,0.014280669391155243,0.0046910676173865795,0.02061225287616253,1500,1500,1504,1498,1897,1102,1897,1102
1783460356.5862,0.9403,0.02037,49.10,48,1520936,nan,AUTOTUNE,?,0,0.4701528549194336,0.0,10.0,0.5,0.0,0.0,nan,nan,nan,nan,nan,nan,nan,nan,nan,nan,4.776499692750916,4.887259527426598,9.690569265786186,0,0,-3.42156720161438,-4.9437360763549805,0.3050720691680908,-0.010827761143445969,0.03260675072669983,0.0025164764374494553,nan,nan,nan,-0.029177850112318993,-0.0017978288233280182,-3.138209581375122,-0.00031802334706299007,3135,,nan,24.507,4.53,96,4,24,0.72,895,0.014280669391155243,0.0046910676173865795,0.02061225287616253,1500,1500,1504,1498,1897,1102,1897,1102
1783460356.6063,0.9605,0.02007,49.83,49,1520956,nan,AUTOTUNE,?,0,0.4802292585372925,0.0,10.0,0.5,0.0,0.0,nan,nan,nan,nan,nan,nan,nan,nan,nan,nan,4.787823350715011,4.888176385622464,9.690184520528712,0,0,-3.4221835136413574,-4.942741394042969,0.3054726719856262,-0.011192035861313343,0.03150312229990959,0.002507321070879698,nan,nan,nan,-0.029109256342053413,-0.0017731152474880219,-3.138183832168579,-0.0012310091406106949,3135,,nan,24.507,4.53,96,4,24,0.72,895,0.014280669391155243,0.0046910676173865795,0.02061225287616253,1500,1500,1504,1498,1897,1102,1897,1102
1783460356.6255,0.9802,0.01922,52.02,50,1520976,nan,AUTOTUNE,?,0,0.4901113510131836,0.0,10.0,0.5,0.0,0.0,nan,nan,nan,nan,nan,nan,nan,nan,nan,nan,4.8005585920821305,4.884269314568046,9.6895818962233,0,0,-3.42276930809021,-4.941779136657715,0.3058586120605469,-0.012501093558967113,0.03320331126451492,0.002632423769682646,nan,nan,nan,-0.029129687696695328,-0.0017765127122402191,-3.1382439136505127,-0.0008850299054756761,3135,,nan,24.507,4.53,96,4,24,0.72,895,0.014280669391155243,0.0046910676173865795,0.02061225287616253,1500,1500,1504,1498,1897,1102,1897,1102
1783460356.6469,1.0004,0.02139,46.75,51,1521001,0.002,AUTOTUNE,AUTOTUNE,128,0.5002189874649048,0.0,10.0,0.5,0.0,0.0,nan,nan,nan,nan,nan,nan,nan,nan,nan,nan,4.807966724319241,4.8836354689946075,9.689219163709575,0,0,-3.4233829975128174,-4.940693378448486,0.30624449253082275,-0.010588220320641994,0.03294239938259125,0.0026190592907369137,nan,nan,nan,-0.029123995453119278,-0.001771794632077217,-3.1381642818450928,0.0013718809932470322,3135,,nan,24.495,4.57,96,4,24,0.72,895,0.014189288951456547,0.007263968698680401,0.010215812362730503,1500,1500,1504,1498,1897,1102,1897,1102
1783460356.6655,1.0203,0.01860,53.77,52,1521016,0.020,AUTOTUNE,AUTOTUNE,128,0.5101537704467773,0.0,10.0,0.5,0.0,0.0,nan,nan,nan,nan,nan,nan,nan,nan,nan,nan,4.818303240785639,4.883044940460256,9.688470575280952,0,0,-3.4237091541290283,-4.94008207321167,0.30644160509109497,-0.010631854645907879,0.0329304039478302,0.002937454031780362,nan,nan,nan,-0.029117213562130928,-0.0017743967473506927,-3.138150215148926,0.0011777457548305392,3135,,nan,24.495,4.57,96,4,24,0.72,895,0.014189288951456547,0.007263968698680401,0.010215812362730503,1500,1500,1504,1498,1897,1102,1897,1102
1783460356.6861,1.0404,0.02059,48.57,53,1521036,0.041,AUTOTUNE,AUTOTUNE,128,0.520196795463562,0.0,10.0,0.5,0.0,0.0,nan,nan,nan,nan,nan,nan,nan,nan,nan,nan,4.833650841621557,4.882274980003177,9.68799710129098,0,0,-3.424089193344116,-4.939305305480957,0.30665236711502075,-0.013475037179887295,0.03292647376656532,0.0030891308560967445,nan,nan,nan,-0.029162021353840828,-0.0017607752233743668,-3.138185977935791,-3.8340480386978015e-05,3135,,nan,24.495,4.57,96,4,24,0.72,895,0.014189288951456547,0.007263968698680401,0.010215812362730503,1500,1500,1504,1498,1897,1102,1897,1102
1783460356.7063,1.0605,0.02023,49.43,54,1521056,0.061,AUTOTUNE,AUTOTUNE,128,0.5302327871322632,0.0,10.0,0.5,0.0,0.0,nan,nan,nan,nan,nan,nan,nan,nan,nan,nan,4.839732463347484,4.879727438100384,9.686634435041494,0,0,-3.424588441848755,-4.938441276550293,0.3069242835044861,-0.010903739370405674,0.033898450434207916,0.0037188755813986063,nan,nan,nan,-0.029151102527976036,-0.0017728153616189957,-3.1381680965423584,-0.0003969868703279644,3135,,nan,24.495,4.57,96,4,24,0.72,895,0.014189288951456547,0.007263968698680401,0.010215812362730503,1500,1500,1504,1498,1897,1102,1897,1102
1783460356.7262,1.0804,0.01990,50.26,55,1521076,0.081,AUTOTUNE,AUTOTUNE,128,0.540202260017395,0.0,10.0,0.5,0.0,0.0,nan,nan,nan,nan,nan,nan,nan,nan,nan,nan,4.852642326757235,4.880239917345925,9.686745275781162,0,0,-3.424928665161133,-4.937750339508057,0.30757999420166016,-0.012404946610331535,0.03320365771651268,0.003276306902989745,nan,nan,nan,-0.029163673520088196,-0.0017648916691541672,-3.1382017135620117,-0.0010720709105953574,3135,,nan,24.495,4.57,96,4,24,0.72,895,0.014189288951456547,0.007263968698680401,0.010215812362730503,1500,1500,1504,1498,1897,1102,1897,1102
1783460356.7461,1.1004,0.01993,50.17,56,1521096,0.101,AUTOTUNE,AUTOTUNE,128,0.5501886606216431,0.0,10.0,0.5,0.0,0.0,nan,nan,nan,nan,nan,nan,nan,nan,nan,nan,4.860805840738125,4.878493707846246,9.685924549028764,0,0,-3.4252102375030518,-4.937071323394775,0.3079356551170349,-0.01118993666023016,0.03381980210542679,0.0035448127891868353,nan,nan,nan,-0.02917347103357315,-0.0017701070755720139,-3.138200521469116,0.00025198893854394555,3135,,nan,24.495,4.57,96,4,24,0.72,895,0.014189288951456547,0.007263968698680401,0.010215812362730503,1500,1500,1504,1498,1897,1102,1897,1102
1783460356.7659,1.1204,0.01973,50.69,57,1521116,0.121,AUTOTUNE,AUTOTUNE,128,0.560210108757019,0.0,10.0,0.5,0.0,0.0,nan,nan,nan,nan,nan,nan,nan,nan,nan,nan,4.873235943816216,4.879134064813854,9.683921022157074,0,0,-3.4255146980285645,-4.936410903930664,0.3085440397262573,-0.012404793873429298,0.03306879848241806,0.004350298549979925,nan,nan,nan,-0.029206106439232826,-0.0017705038189888,-3.138164520263672,0.0009235606994479895,3135,,nan,24.495,4.57,96,4,24,0.72,895,0.014189288951456547,0.007263968698680401,0.010215812362730503,1500,1500,1504,1498,1897,1102,1897,1102
1783460356.7860,1.1404,0.02016,49.61,58,1521136,0.141,AUTOTUNE,AUTOTUNE,128,0.570178747177124,0.0,10.0,0.5,0.0,0.0,nan,nan,nan,nan,nan,nan,nan,nan,nan,nan,4.880048921860066,4.876986814192688,9.68467945118934,0,0,-3.4257757663726807,-4.935750484466553,0.30887728929519653,-0.01043214462697506,0.03392722085118294,0.0037200176157057285,nan,nan,nan,-0.0292010810226202,-0.001798545941710472,-3.1381609439849854,0.001308930921368301,3135,,nan,24.495,4.57,96,4,24,0.72,895,0.014189288951456547,0.007263968698680401,0.010215812362730503,1500,1500,1504,1498,1897,1102,1897,1102
1783460356.8058,1.1603,0.01980,50.52,59,1521156,0.161,AUTOTUNE,AUTOTUNE,128,0.5801597833633423,0.0,10.0,0.5,0.0,0.0,nan,nan,nan,nan,nan,nan,nan,nan,nan,nan,4.891479848875855,4.878724459358533,9.683437075819718,0,0,-3.426056146621704,-4.935108661651611,0.30929356813430786,-0.011107361875474453,0.03255343437194824,0.004196964669972658,nan,nan,nan,-0.029197676107287407,-0.0017680469900369644,-3.138151168823242,-0.0008832708117552102,3135,,nan,24.495,4.57,96,4,24,0.72,895,0.014189288951456547,0.007263968698680401,0.010215812362730503,1500,1500,1504,1498,1897,1102,1897,1102
1783460356.8263,1.1805,0.02046,48.88,60,1521176,0.181,AUTOTUNE,AUTOTUNE,128,0.5902293920516968,0.0,10.0,0.5,0.0,0.0,nan,nan,nan,nan,nan,nan,nan,nan,nan,nan,4.904204379497232,4.875543317910734,9.681974815848163,0,0,-3.4263172149658203,-4.934490203857422,0.30969423055648804,-0.01248945388942957,0.034033000469207764,0.004809878300875425,nan,nan,nan,-0.02919524908065796,-0.00177849642932415,-3.1382150650024414,-0.0023035933263599873,3135,,nan,24.495,4.57,96,4,24,0.72,895,0.014189288951456547,0.007263968698680401,0.010215812362730503,1500,1500,1504,1498,1897,1102,1897,1102
1783460356.8465,1.2004,0.02019,49.54,61,1521196,0.201,AUTOTUNE,AUTOTUNE,128,0.6002148389816284,0.0,10.0,0.5,0.0,0.0,nan,nan,nan,nan,nan,nan,nan,nan,nan,nan,4.912284487013007,4.876091229059264,9.682694726209652,0,0,-3.4265477657318115,-4.9338459968566895,0.30993348360061646,-0.011256297118961811,0.033344730734825134,0.004256105050444603,nan,nan,nan,-0.029251685366034508,-0.001776004210114479,-3.1381921768188477,0.001719620660878718,3135,,nan,24.495,4.57,96,4,24,0.72,895,0.012033884413540363,0.0041828942485153675,0.021281307563185692,1500,1500,1504,1498,1897,1102,1897,1102
1783460356.8659,1.2204,0.01948,51.33,62,1521216,0.221,AUTOTUNE,AUTOTUNE,128,0.6102172136306763,0.0,10.0,0.5,0.0,0.0,nan,nan,nan,nan,nan,nan,nan,nan,nan,nan,4.919654914524319,4.875175166521295,9.681909511927344,0,0,-3.4267799854278564,-4.9332475662231445,0.31031447649002075,-0.00960266962647438,0.03352811560034752,0.004489482380449772,nan,nan,nan,-0.02919820137321949,-0.0017524175345897675,-3.13812518119812,0.0012244796380400658,3135,,nan,24.495,4.57,96,4,24,0.72,895,0.012033884413540363,0.0041828942485153675,0.021281307563185692,1500,1500,1504,1498,1897,1102,1897,1102
1783460356.8859,1.2404,0.01995,50.13,63,1521236,0.241,AUTOTUNE,AUTOTUNE,128,0.6202099323272705,0.0,10.0,0.5,0.0,0.0,nan,nan,nan,nan,nan,nan,nan,nan,nan,nan,4.9335812087549336,4.872426678437139,9.680335157879247,0,0,-3.4269983768463135,-4.932613849639893,0.31054872274398804,-0.011747632175683975,0.03474907949566841,0.005263193976134062,nan,nan,nan,-0.02923046052455902,-0.001797979697585106,-3.1381871700286865,-0.0013922572834417224,3135,,nan,24.495,4.57,96,4,24,0.72,895,0.012033884413540363,0.0041828942485153675,0.021281307563185692,1500,1500,1504,1498,1897,1102,1897,1102
1783460356.9059,1.2604,0.02003,49.93,64,1521256,0.261,AUTOTUNE,AUTOTUNE,128,0.6301864385604858,0.0,10.0,0.5,0.0,0.0,nan,nan,nan,nan,nan,nan,nan,nan,nan,nan,4.940436401661871,4.875163229410795,9.680588662097069,0,0,-3.4272022247314453,-4.932031154632568,0.3108079433441162,-0.009827849455177784,0.032832711935043335,0.004967172164469957,nan,nan,nan,-0.029262324795126915,-0.0017760246992111206,-3.1382062435150146,-0.0019066358217969537,3135,,nan,24.495,4.57,96,4,24,0.72,895,0.012033884413540363,0.0041828942485153675,0.021281307563185692,1500,1500,1504,1498,1897,1102,1897,1102
1783460356.9259,1.2804,0.01999,50.02,65,1521276,0.281,AUTOTUNE,AUTOTUNE,128,0.6401965618133545,0.0,10.0,0.5,0.0,0.0,nan,nan,nan,nan,nan,nan,nan,nan,nan,nan,4.952258520192605,4.8715848145601495,9.680187171677888,0,0,-3.427403688430786,-4.931446075439453,0.3110651969909668,-0.01075769029557705,0.0345609150826931,0.005050447303801775,nan,nan,nan,-0.02923622541129589,-0.0017776526510715485,-3.1382205486297607,-0.001061130897141993,3135,,nan,24.495,4.57,96,4,24,0.72,895,0.012033884413540363,0.0041828942485153675,0.021281307563185692,1500,1500,1504,1498,1897,1102,1897,1102
1783460356.9463,1.3004,0.02037,49.09,66,1521296,0.301,AUTOTUNE,AUTOTUNE,128,0.6501914262771606,0.0,10.0,0.5,0.0,0.0,nan,nan,nan,nan,nan,nan,nan,nan,nan,nan,4.9615923635541765,4.872920293239944,9.678687651744925,0,0,-3.4279189109802246,-4.930988311767578,0.3116210699081421,-0.01007858570665121,0.03352558612823486,0.005595262162387371,nan,nan,nan,-0.029260413721203804,-0.0017923563718795776,-3.1381726264953613,0.0022989457938820124,3135,,nan,24.495,4.57,96,4,24,0.72,895,0.012033884413540363,0.0041828942485153675,0.021281307563185692,1500,1500,1504,1498,1897,1102,1897,1102
1783460356.9658,1.3203,0.01951,51.25,67,1521316,0.321,AUTOTUNE,AUTOTUNE,128,0.6601747274398804,0.0,10.0,0.5,0.0,0.0,nan,nan,nan,nan,nan,nan,nan,nan,nan,nan,4.974902908616496,4.873293381455786,9.677650241436398,0,0,-3.428706169128418,-4.9307541847229,0.31258130073547363,-0.011545047163963318,0.03317501023411751,0.005639821756631136,nan,nan,nan,-0.02923525683581829,-0.001776786521077156,-3.1381466388702393,0.0014487843727692962,3135,,nan,24.495,4.57,96,4,24,0.72,895,0.012033884413540363,0.0041828942485153675,0.021281307563185692,1500,1500,1504,1498,1897,1102,1897,1102
1783460356.9860,1.3403,0.02020,49.51,68,1521336,0.341,AUTOTUNE,AUTOTUNE,128,0.6701651811599731,0.0,10.0,0.5,0.0,0.0,nan,nan,nan,nan,nan,nan,nan,nan,nan,nan,4.982460552642118,4.87303375928083,9.676877350748391,0,0,-3.4291820526123047,-4.930309772491455,0.31309717893600464,-0.009865712374448776,0.03306832164525986,0.005788207985460758,nan,nan,nan,-0.029303845018148422,-0.001811198890209198,-3.1381847858428955,-0.000926933076698333,3135,,nan,24.495,4.57,96,4,24,0.72,895,0.012033884413540363,0.0041828942485153675,0.021281307563185692,1500,1500,1504,1498,1897,1102,1897,1102
1783460357.0061,1.3604,0.02009,49.78,69,1521356,0.361,AUTOTUNE,AUTOTUNE,128,0.6801903247833252,0.0,10.0,0.5,0.0,0.0,nan,nan,nan,nan,nan,nan,nan,nan,nan,nan,4.993925159783353,4.873536622484966,9.675980723724404,0,0,-3.4298977851867676,-4.93007230758667,0.3136722445487976,-0.010283558629453182,0.03264089301228523,0.005973861552774906,nan,nan,nan,-0.029208030551671982,-0.0018219593912363052,-3.1381983757019043,-0.0027047009207308292,3135,,nan,24.495,4.57,96,4,24,0.72,895,0.012033884413540363,0.0041828942485153675,0.021281307563185692,1500,1500,1504,1498,1897,1102,1897,1102
1783460357.0261,1.3804,0.02005,49.88,70,1521376,0.381,AUTOTUNE,AUTOTUNE,128,0.6901878118515015,0.0,10.0,0.5,0.0,0.0,nan,nan,nan,nan,nan,nan,nan,nan,nan,nan,5.0087650594950155,4.873123936259605,9.675108816903657,0,0,-3.430568218231201,-4.929820537567139,0.3142222762107849,-0.012692252174019814,0.032733798027038574,0.006159696262329817,nan,nan,nan,-0.029294714331626892,-0.0018490608781576157,-3.138258695602417,-0.001140583073720336,3135,,nan,24.495,4.57,96,4,24,0.72,895,0.012033884413540363,0.0041828942485153675,0.021281307563185692,1500,1500,1504,1498,1897,1102,1897,1102
1783460357.0461,1.4004,0.01998,50.05,71,1521396,0.401,AUTOTUNE,AUTOTUNE,128,0.7002133131027222,0.0,10.0,0.5,0.0,0.0,nan,nan,nan,nan,nan,nan,nan,nan,nan,nan,5.0121547184709865,4.873746211514713,9.675091597833502,0,0,-3.430997848510742,-4.929373264312744,0.3145486116409302,-0.008612999692559242,0.03211629390716553,0.005981227848678827,nan,nan,nan,-0.02922981046140194,-0.00184565968811512,-3.1381869316101074,0.0011111402418464422,3135,,nan,24.495,4.57,96,4,24,0.72,895,0.012740397825837135,0.008582242764532566,0.027177756652235985,1500,1500,1504,1498,1897,1102,1897,1102
1783460357.0658,1.4204,0.01971,50.74,72,1521416,0.421,AUTOTUNE,AUTOTUNE,128,0.7101987600326538,0.0,10.0,0.5,0.0,0.0,nan,nan,nan,nan,nan,nan,nan,nan,nan,nan,5.028996900086704,4.872513434575384,9.673701637855634,0,0,-3.431619167327881,-4.929115295410156,0.31506597995758057,-0.012213018722832203,0.03267909958958626,0.006485018879175186,nan,nan,nan,-0.02926478534936905,-0.0018652714788913727,-3.1381795406341553,0.0012399432016536593,3135,,nan,24.495,4.57,96,4,24,0.72,895,0.012740397825837135,0.008582242764532566,0.027177756652235985,1500,1500,1504,1498,1897,1102,1897,1102
1783460357.0855,1.4402,0.01973,50.69,73,1521436,0.440,AUTOTUNE,AUTOTUNE,128,0.7200827598571777,0.0,10.0,0.5,0.0,0.0,nan,nan,nan,nan,nan,nan,nan,nan,nan,nan,5.036536560756593,4.875177144642076,9.673262577703866,0,0,-3.432025194168091,-4.928659915924072,0.3153834342956543,-0.010625094175338745,0.03087829239666462,0.006555228028446436,nan,nan,nan,-0.029300138354301453,-0.0018519777804613113,-3.1381657123565674,0.001186547102406621,3135,,nan,24.495,4.57,96,4,24,0.72,895,0.012740397825837135,0.008582242764532566,0.027177756652235985,1500,1500,1504,1498,1897,1102,1897,1102
1783460357.1056,1.4603,0.02002,49.95,74,1521456,0.460,AUTOTUNE,AUTOTUNE,128,0.7301539182662964,0.0,10.0,0.5,0.0,0.0,nan,nan,nan,nan,nan,nan,nan,nan,nan,nan,5.0458634141120955,4.872670336355394,9.673929575014423,0,0,-3.4325954914093018,-4.928394794464111,0.31540554761886597,-0.009866108186542988,0.03217253088951111,0.006157369818538427,nan,nan,nan,-0.02922692522406578,-0.001873435452580452,-3.138192892074585,-0.0018444336019456387,3135,,nan,24.495,4.57,96,4,24,0.72,895,0.012740397825837135,0.008582242764532566,0.027177756652235985,1500,1500,1504,1498,1897,1102,1897,1102
1783460357.1261,1.4804,0.02058,48.60,75,1521476,0.481,AUTOTUNE,AUTOTUNE,128,0.7401964664459229,0.0,10.0,0.5,0.0,0.0,nan,nan,nan,nan,nan,nan,nan,nan,nan,nan,5.058701946983614,4.8731904929807754,9.672210828551144,0,0,-3.4331350326538086,-4.9281325340271,0.31544506549835205,-0.01116886641830206,0.03172080218791962,0.007126872893422842,nan,nan,nan,-0.029262786731123924,-0.0019027944654226303,-3.1382293701171875,-0.00156824488658458,3135,,nan,24.495,4.57,96,4,24,0.72,895,0.012740397825837135,0.008582242764532566,0.027177756652235985,1500,1500,1504,1498,1897,1102,1897,1102
1783460357.1477,1.5005,0.02151,46.49,76,1521501,0.503,AUTOTUNE,AUTOTUNE,128,0.7502312660217285,0.0,10.0,0.5,0.0,0.0,nan,nan,nan,nan,nan,nan,nan,nan,nan,nan,5.0703452437620475,4.871190489750693,9.672922706055113,0,0,-3.4339406490325928,-4.927637577056885,0.31540149450302124,-0.011632409878075123,0.03258974105119705,0.006741025950759649,nan,nan,nan,-0.029275977984070778,-0.0019080061465501785,-3.13824200630188,0.0004276380641385913,3135,,nan,24.499,4.65,96,4,24,0.72,895,0.012740397825837135,0.008582242764532566,0.027177756652235985,1500,1500,1504,1498,1897,1102,1897,1102
1783460357.1657,1.5203,0.01802,55.48,77,1521516,0.521,AUTOTUNE,AUTOTUNE,128,0.7601572275161743,0.0,10.0,0.5,0.0,0.0,nan,nan,nan,nan,nan,nan,nan,nan,nan,nan,5.079589486976005,4.8716011698594395,9.67265793249259,0,0,-3.4343557357788086,-4.927311897277832,0.31540656089782715,-0.010999169200658798,0.03216460347175598,0.006890967953950167,nan,nan,nan,-0.029283607378602028,-0.0019044522196054459,-3.138216257095337,0.001491617294959724,3135,,nan,24.499,4.65,96,4,24,0.72,895,0.012740397825837135,0.008582242764532566,0.027177756652235985,1500,1500,1504,1498,1897,1102,1897,1102
1783460357.1860,1.5403,0.02033,49.19,78,1521536,0.541,AUTOTUNE,AUTOTUNE,128,0.7701587677001953,0.0,10.0,0.5,0.0,0.0,nan,nan,nan,nan,nan,nan,nan,nan,nan,nan,5.088555284436086,4.872202593751914,9.672013319568801,0,0,-3.4348208904266357,-4.92682409286499,0.315456748008728,-0.010132625699043274,0.031535737216472626,0.007234159857034683,nan,nan,nan,-0.029211299493908882,-0.0019186604768037796,-3.1381425857543945,0.0018325905548408628,3135,,nan,24.499,4.65,96,4,24,0.72,895,0.012740397825837135,0.008582242764532566,0.027177756652235985,1500,1500,1504,1498,1897,1102,1897,1102
1783460357.2059,1.5603,0.01993,50.19,79,1521556,0.561,AUTOTUNE,AUTOTUNE,128,0.7801623344421387,0.0,10.0,0.5,0.0,0.0,nan,nan,nan,nan,nan,nan,nan,nan,nan,nan,5.105116256707921,4.871305889539606,9.672790179790892,0,0,-3.4354898929595947,-4.926498889923096,0.315496027469635,-0.013532296754419804,0.031865693628787994,0.006762961391359568,nan,nan,nan,-0.02924898825585842,-0.0019173044711351395,-3.1381995677948,-0.0004894855082966387,3135,,nan,24.499,4.65,96,4,24,0.72,895,0.012740397825837135,0.008582242764532566,0.027177756652235985,1500,1500,1504,1498,1897,1102,1897,1102
1783460357.2259,1.5805,0.02001,49.97,80,1521576,0.581,AUTOTUNE,AUTOTUNE,128,0.7902330160140991,0.0,10.0,0.5,0.0,0.0,nan,nan,nan,nan,nan,nan,nan,nan,nan,nan,5.109774906419526,4.872131953932161,9.67207895054447,0,0,-3.436124086380005,-4.926167011260986,0.31555086374282837,-0.010041506960988045,0.03119715489447117,0.007141930051147938,nan,nan,nan,-0.029241248965263367,-0.0019272547215223312,-3.1382172107696533,-0.0019510677084326744,3135,,nan,24.499,4.65,96,4,24,0.72,895,0.012740397825837135,0.008582242764532566,0.027177756652235985,1500,1500,1504,1498,1897,1102,1897,1102
1783460357.2461,1.6004,0.02020,49.51,81,1521596,0.601,AUTOTUNE,AUTOTUNE,128,0.8001836538314819,0.0,10.0,0.5,0.0,0.0,nan,nan,nan,nan,nan,nan,nan,nan,nan,nan,5.123392889563187,4.871678400978282,9.672222060870087,0,0,-3.4365429878234863,-4.925699234008789,0.31565266847610474,-0.011916996911168098,0.03118894249200821,0.007000528275966644,nan,nan,nan,-0.02917918935418129,-0.001961085945367813,-3.138240098953247,-0.0015719349030405283,3135,,nan,24.499,4.65,96,4,24,0.72,895,0.012537511996924877,0.0018219695193693042,0.00922371819615364,1500,1500,1504,1498,1897,1102,1897,1102
1783460357.2659,1.6203,0.01972,50.71,82,1521616,0.621,AUTOTUNE,AUTOTUNE,128,0.8101606369018555,0.0,10.0,0.5,0.0,0.0,nan,nan,nan,nan,nan,nan,nan,nan,nan,nan,5.135738599750882,4.8726616243918395,9.671116645944307,0,0,-3.437124252319336,-4.925371170043945,0.3157302141189575,-0.012948988936841488,0.030431870371103287,0.007593968883156776,nan,nan,nan,-0.029288360849022865,-0.0019539184868335724,-3.1382482051849365,0.0007362131145782769,3135,,nan,24.499,4.65,96,4,24,0.72,895,0.012537511996924877,0.0018219695193693042,0.00922371819615364,1500,1500,1504,1498,1897,1102,1897,1102
1783460357.2859,1.6404,0.02008,49.81,83,1521636,0.641,AUTOTUNE,AUTOTUNE,128,0.8201863765716553,0.0,10.0,0.5,0.0,0.0,nan,nan,nan,nan,nan,nan,nan,nan,nan,nan,5.139844629006668,4.8709721318948755,9.672348928855275,0,0,-3.437516450881958,-4.924905776977539,0.31584519147872925,-0.009304806590080261,0.031138604506850243,0.0068161278031766415,nan,nan,nan,-0.029198283329606056,-0.0019753742963075638,-3.138171672821045,0.0020664697512984276,3135,,nan,24.499,4.65,96,4,24,0.72,895,0.012537511996924877,0.0018219695193693042,0.00922371819615364,1500,1500,1504,1498,1897,1102,1897,1102
1783460357.3060,1.6604,0.02005,49.88,84,1521656,0.661,AUTOTUNE,AUTOTUNE,128,0.8301929235458374,0.0,10.0,0.5,0.0,0.0,nan,nan,nan,nan,nan,nan,nan,nan,nan,nan,5.156267862717693,4.871393966216104,9.670424085343283,0,0,-3.4380545616149902,-4.924576759338379,0.31601184606552124,-0.012698804028332233,0.030705099925398827,0.007831218652427197,nan,nan,nan,-0.029215674847364426,-0.001963971182703972,-3.138188362121582,-3.0268889531726018e-05,3135,,nan,24.499,4.65,96,4,24,0.72,895,0.012537511996924877,0.0018219695193693042,0.00922371819615364,1500,1500,1504,1498,1897,1102,1897,1102
1783460357.3261,1.6804,0.02008,49.81,85,1521676,0.681,AUTOTUNE,AUTOTUNE,128,0.8401895761489868,0.0,10.0,0.5,0.0,0.0,nan,nan,nan,nan,nan,nan,nan,nan,nan,nan,5.165296597427648,4.872603527891477,9.670881363397916,0,0,-3.4385650157928467,-4.924245357513428,0.31618213653564453,-0.01184526551514864,0.029815424233675003,0.00746889179572463,nan,nan,nan,-0.029233578592538834,-0.0019549671560525894,-3.1382296085357666,-0.001670554163865745,3135,,nan,24.499,4.65,96,4,24,0.72,895,0.012537511996924877,0.0018219695193693042,0.00922371819615364,1500,1500,1504,1498,1897,1102,1897,1102
1783460357.3464,1.7005,0.02033,49.19,86,1521696,0.701,AUTOTUNE,AUTOTUNE,128,0.8502345085144043,0.0,10.0,0.5,0.0,0.0,nan,nan,nan,nan,nan,nan,nan,nan,nan,nan,5.174405046761343,4.870211247453581,9.671104089418469,0,0,-3.439141273498535,-4.923450469970703,0.31613820791244507,-0.010971884243190289,0.030737679451704025,0.007365663070231676,nan,nan,nan,-0.029199978336691856,-0.0019726306200027466,-3.1382641792297363,-0.002012284006923437,3135,,nan,24.499,4.65,96,4,24,0.72,895,0.012537511996924877,0.0018219695193693042,0.00922371819615364,1500,1500,1504,1498,1897,1102,1897,1102
1783460357.3657,1.7203,0.01933,51.73,87,1521716,0.721,AUTOTUNE,AUTOTUNE,128,0.8601630926132202,0.0,10.0,0.5,0.0,0.0,nan,nan,nan,nan,nan,nan,nan,nan,nan,nan,5.185129636050027,4.869030942382781,9.669770318629318,0,0,-3.440030097961426,-4.922482490539551,0.3159283995628357,-0.01091829501092434,0.030860265716910362,0.008256848901510239,nan,nan,nan,-0.029169965535402298,-0.0019995681941509247,-3.1382558345794678,-0.0007112089078873396,3135,,nan,24.499,4.65,96,4,24,0.72,895,0.012537511996924877,0.0018219695193693042,0.00922371819615364,1500,1500,1504,1498,1897,1102,1897,1102
1783460357.3861,1.7405,0.02042,48.98,88,1521736,0.741,AUTOTUNE,AUTOTUNE,128,0.8702356815338135,0.0,10.0,0.5,0.0,0.0,nan,nan,nan,nan,nan,nan,nan,nan,nan,nan,5.199517708293913,4.868423288702787,9.67077488430003,0,0,-3.440567970275879,-4.921712875366211,0.3159133791923523,-0.013099299743771553,0.03076675720512867,0.007685534656047821,nan,nan,nan,-0.029218709096312523,-0.0019706878811120987,-3.1382431983947754,0.0017219568835571408,3135,,nan,24.499,4.65,96,4,24,0.72,895,0.012537511996924877,0.0018219695193693042,0.00922371819615364,1500,1500,1504,1498,1897,1102,1897,1102
1783460357.4061,1.7605,0.01993,50.18,89,1521756,0.761,AUTOTUNE,AUTOTUNE,128,0.8802286386489868,0.0,10.0,0.5,0.0,0.0,nan,nan,nan,nan,nan,nan,nan,nan,nan,nan,5.204829147988765,4.866259485455249,9.672160130184093,0,0,-3.4413821697235107,-4.920796871185303,0.3152867555618286,-0.009926346130669117,0.031487174332141876,0.007247543893754482,nan,nan,nan,-0.02913660928606987,-0.001991933211684227,-3.138197183609009,0.0014148479094728827,3135,,nan,24.499,4.65,96,4,24,0.72,895,0.012537511996924877,0.0018219695193693042,0.00922371819615364,1500,1500,1504,1498,1897,1102,1897,1102
1783460357.4258,1.7804,0.01976,50.61,90,1521776,0.781,AUTOTUNE,AUTOTUNE,128,0.8901761770248413,0.0,10.0,0.5,0.0,0.0,nan,nan,nan,nan,nan,nan,nan,nan,nan,nan,5.21852547059493,4.865779537506595,9.670833339167812,0,0,-3.4421472549438477,-4.919911861419678,0.31472885608673096,-0.011648985557258129,0.03125331178307533,0.008335670456290245,nan,nan,nan,-0.029160628095269203,-0.0019850097596645355,-3.138212203979492,-0.00042306771501898766,3135,,nan,24.499,4.65,96,4,24,0.72,895,0.012537511996924877,0.0018219695193693042,0.00922371819615364,1500,1500,1504,1498,1897,1102,1897,1102
1783460357.4463,1.8004,0.02050,48.77,91,1521796,0.801,AUTOTUNE,AUTOTUNE,128,0.9001891613006592,0.0,10.0,0.5,0.0,0.0,nan,nan,nan,nan,nan,nan,nan,nan,nan,nan,5.2317292130342015,4.8660478274092345,9.671923572352565,0,0,-3.442629098892212,-4.9191765785217285,0.3145502805709839,-0.013212977908551693,0.03067389875650406,0.0078093246556818485,nan,nan,nan,-0.029201405122876167,-0.0019595399498939514,-3.138263702392578,-0.0024154349230229855,3135,,nan,24.499,4.65,96,4,24,0.72,895,0.01380853820592165,0.01327618770301342,0.012604441493749619,1500,1500,1504,1498,1897,1102,1897,1102
1783460357.4660,1.8204,0.01968,50.80,92,1521816,0.821,AUTOTUNE,AUTOTUNE,128,0.9101951122283936,0.0,10.0,0.5,0.0,0.0,nan,nan,nan,nan,nan,nan,nan,nan,nan,nan,5.239376206466008,4.86434600736433,9.673187669332574,0,0,-3.443338394165039,-4.918345928192139,0.3140808343887329,-0.011441521346569061,0.031176868826150894,0.007350532803684473,nan,nan,nan,-0.029143719002604485,-0.0019965730607509613,-3.1382768154144287,-0.001385394250974059,3135,,nan,24.499,4.65,96,4,24,0.72,895,0.01380853820592165,0.01327618770301342,0.012604441493749619,1500,1500,1504,1498,1897,1102,1897,1102
1783460357.4860,1.8404,0.01998,50.05,93,1521836,0.841,AUTOTUNE,AUTOTUNE,128,0.9201889038085938,0.0,10.0,0.5,0.0,0.0,nan,nan,nan,nan,nan,nan,nan,nan,nan,nan,5.251260693191751,4.86242577113942,9.67181993230355,0,0,-3.443800687789917,-4.917618274688721,0.3139461278915405,-0.012266209349036217,0.03186540678143501,0.008217968977987766,nan,nan,nan,-0.029147207736968994,-0.0020139236003160477,-3.1382572650909424,0.0010011675767600536,3135,,nan,24.499,4.65,96,4,24,0.72,895,0.01380853820592165,0.01327618770301342,0.012604441493749619,1500,1500,1504,1498,1897,1102,1897,1102
1783460357.5062,1.8604,0.02023,49.44,94,1521856,0.861,AUTOTUNE,AUTOTUNE,128,0.930184006690979,0.0,10.0,0.5,0.0,0.0,nan,nan,nan,nan,nan,nan,nan,nan,nan,nan,5.262028566134764,4.8614614383928885,9.672619100342931,0,0,-3.444455146789551,-4.916803359985352,0.3135101795196533,-0.012334516271948814,0.031951673328876495,0.008008264005184174,nan,nan,nan,-0.029155239462852478,-0.001973221078515053,-3.1382269859313965,0.0021047911141067743,3135,,nan,24.499,4.65,96,4,24,0.72,895,0.01380853820592165,0.01327618770301342,0.012604441493749619,1500,1500,1504,1498,1897,1102,1897,1102
1783460357.5260,1.8804,0.01983,50.43,95,1521876,0.881,AUTOTUNE,AUTOTUNE,128,0.9401888847351074,0.0,10.0,0.5,0.0,0.0,nan,nan,nan,nan,nan,nan,nan,nan,nan,nan,5.269827490969201,4.86079622932179,9.672666955284305,0,0,-3.4452219009399414,-4.91602897644043,0.31373435258865356,-0.010618222877383232,0.03188864141702652,0.007851208560168743,nan,nan,nan,-0.02912059985101223,-0.0019708238542079926,-3.1382079124450684,0.00026668020291253924,3135,,nan,24.499,4.65,96,4,24,0.72,895,0.01380853820592165,0.01327618770301342,0.012604441493749619,1500,1500,1504,1498,1897,1102,1897,1102
1783460357.5463,1.9004,0.02022,49.46,96,1521896,0.901,AUTOTUNE,AUTOTUNE,128,0.9501913785934448,0.0,10.0,0.5,0.0,0.0,nan,nan,nan,nan,nan,nan,nan,nan,nan,nan,5.282624003160154,4.861484161372639,9.67174676337955,0,0,-3.445704936981201,-4.915338516235352,0.3139253854751587,-0.011952469125390053,0.031092826277017593,0.00827218871563673,nan,nan,nan,-0.02913798950612545,-0.0019778460264205933,-3.1382365226745605,-0.0019106789259240031,3135,,nan,24.499,4.65,96,4,24,0.72,895,0.01380853820592165,0.01327618770301342,0.012604441493749619,1500,1500,1504,1498,1897,1102,1897,1102
1783460357.5662,1.9204,0.01997,50.08,97,1521916,0.921,AUTOTUNE,AUTOTUNE,128,0.9601874351501465,0.0,10.0,0.5,0.0,0.0,nan,nan,nan,nan,nan,nan,nan,nan,nan,nan,5.296117415444847,4.860912565235375,9.6711156166921,0,0,-3.446406126022339,-4.9145941734313965,0.31415295600891113,-0.013566836714744568,0.030993090942502022,0.008505193516612053,nan,nan,nan,-0.029180191457271576,-0.0019837114959955215,-3.138291597366333,-0.00201151380315423,3135,,nan,24.499,4.65,96,4,24,0.72,895,0.01380853820592165,0.01327618770301342,0.012604441493749619,1500,1500,1504,1498,1897,1102,1897,1102
1783460357.5859,1.9403,0.01963,50.95,98,1521936,0.941,AUTOTUNE,AUTOTUNE,128,0.970165491104126,0.0,10.0,0.5,0.0,0.0,nan,nan,nan,nan,nan,nan,nan,nan,nan,nan,5.305877341562614,4.858477515769006,9.670884773905435,0,0,-3.4468679428100586,-4.913914203643799,0.31435221433639526,-0.01317426934838295,0.032006386667490005,0.008523428812623024,nan,nan,nan,-0.029126333072781563,-0.0020127389580011368,-3.138258457183838,0.0011199178406968713,3135,,nan,24.499,4.65,96,4,24,0.72,895,0.01380853820592165,0.01327618770301342,0.012604441493749619,1500,1500,1504,1498,1897,1102,1897,1102
1783460357.6063,1.9605,0.02039,49.03,99,1521956,0.961,AUTOTUNE,AUTOTUNE,128,0.980226993560791,0.0,10.0,0.5,0.0,0.0,nan,nan,nan,nan,nan,nan,nan,nan,nan,nan,5.316581103050922,4.858226735582536,9.671465067936323,0,0,-3.4475128650665283,-4.913208484649658,0.31432318687438965,-0.01317273173481226,0.03174372762441635,0.008205154910683632,nan,nan,nan,-0.029054082930088043,-0.0020245835185050964,-3.138216018676758,0.001727712107822299,3135,,nan,24.499,4.65,96,4,24,0.72,895,0.01380853820592165,0.01327618770301342,0.012604441493749619,1500,1500,1504,1498,1897,1102,1897,1102
1783460357.6262,1.9804,0.01998,50.04,100,1521976,0.981,AUTOTUNE,AUTOTUNE,128,0.9902137517929077,0.0,10.0,0.5,0.0,0.0,nan,nan,nan,nan,nan,nan,nan,nan,nan,nan,5.323883714374489,4.858074329899116,9.671845727726668,0,0,-3.4481236934661865,-4.912506580352783,0.31432026624679565,-0.011270376853644848,0.03142647445201874,0.007987067103385925,nan,nan,nan,-0.02908022329211235,-0.002002604305744171,-3.138211488723755,0.0006020766450092196,3135,,nan,24.499,4.65,96,4,24,0.72,895,0.01380853820592165,0.01327618770301342,0.012604441493749619,1500,1500,1504,1498,1897,1102,1897,1102
1783460357.6474,2.0004,0.02115,47.28,101,1522001,0.002,AUTOTUNE,AUTOTUNE,128,1.0002247095108032,0.0,10.0,0.5,0.0,0.0,nan,nan,nan,nan,nan,nan,nan,nan,nan,nan,5.340189965615297,4.856413110170838,9.670111473403132,0,0,-3.448761224746704,-4.911669731140137,0.31438297033309937,-0.014536887407302856,0.03190242499113083,0.00895213708281517,nan,nan,nan,-0.029075277969241142,-0.002002345398068428,-3.138230323791504,-0.0018330842722207308,3135,,nan,24.529,3.87,96,4,24,0.72,895,0.014002732932567596,0.007419400382786989,0.01992698572576046,1500,1500,1504,1498,1897,1102,1897,1102
